From	Entry
Q6TVW1_ORFSA	Q6TVW1
Q98187_MCV1	Q98187
GM_HHV11	P04288
ORF4_HHV8P	Q2HRD4
NP04_VZVD	P09304
GM_HHV8P	F5HDD0
F11_VAR67	P0DOP5
NP04_HHV2H	P28280
GM_HHV2H	P89433
GM_VZVD	P09298
NP04_HHV11	P10188
GM_EBVB9	P03215
GM_HHV6U	Q04630
GM_HCMVM	Q6SW43
GM_HHV6Z	P52449
GC_HHV11	P10228
GJ_HHV11	P06480
GI_HHV11	P06487
GL_HCMVM	F5HCH8
GI_VZVD	P09258
UL32_VZVD	P09282
PHOSP_MEASC	Q9WMB4
ORF1_VZVD	P09266
GD_HHV11	Q69091
HEMA_I34A1	P03452
EBNA5_EBVB9	Q8AZK7
SHUT_VZVD	P09275
GL_HHV11	P10185
GN_HHV2H	Q86539
GB_HHV11	P10211
GK_HHV11	P68331
GG_HHV11	P06484
M2_I34A1	P06821
GG_HHV2H	P13290
L_MUMPM	P30929
KITH_HHV11	P0DTH5
GE_HHV2H	P89475
GI_HHV2H	P13291
US11_HCMVM	Q6SVZ5
UL52_HCMVM	Q6SW79
HEMA_VAR67	P33807
GB_VZVD	P09257
GE_VZVD	P09259
L_LYCVA	P14240
GL_EBVB9	P03212
GE_HHV11	P04488
GH_VZVD	P09260
L_HRSVB	O36635
GC_HHV2H	Q89730
L_MEASC	Q9WMB3
GN_HHV11	O09800
GK_VZVD	P09261
FUS_MEASC	Q786F3
UL32_HHV11	P10216
GH_HCMVM	Q6SW67
GC_VZVD	P09256
NRAM_I34A1	P03468
M1_I34A1	P03485
Q89935_VAR67	Q89935
GL_VZVD	P09308
GH_HHV11	P06477
GD_HHV2H	Q69467
U20_HHV6U	Q69555
GB_HCMVM	F5HB53
MATRX_MEASC	Q9W850
GB_EBVB9	P03188
U20_HHV6Z	Q9QJ46
N2_VAR67	P0DSQ1
NS1_HRSVB	O42083
VICA_HCMVM	F5HAY6
C23L_VAR67	P34016
ICP4_VZVD	P09310
ICP4_HHV2H	P90493
ICP4_HHV11	P08392
VE7_HPV05	P06932
I6_VAR67	P0DOL9
PB2_I34A1	P03428
NS1_I34A1	P03496
RDRP_I34A1	P03431
ICP27_EBVB9	Q04360
REX_HTL1C	P0C206
BLRF2_EBVB9	P03197
VP16_HHV11	P06492
US28_HCMVM	F5HF62
UL33_HCMVM	Q6SW98
VMI2_HHV8P	Q98157
Q6TV00_YMTV5	Q6TV00
SPIKE_CVH22	P15423
E1BS_ADE02	P03247
FUS_MUMPM	P11236
FUS_HENDH	O89342
VU51_HHV6Z	P52542
VU51_HHV6U	P52382
AN_VZVD	P09253
UL33_HHV6U	P52380
AN_HHV6U	P24447
AN_HHV6Z	P52448
AN_HHV11	P04294
AN_EBVB9	P03217
UL24_HHV6U	Q06092
UL24_EBVB9	P03232
UL24_HHV11	P10208
P89435_HHV2H	P89435
UL24_VZVD	P09288
FUS_HMPVC	Q6WB98
FUS_HRSVB	O36634
UL24_HHV6Z	P52545
AN_HCMVM	F5HF49
UL76_HCMVM	Q6SW66
GB_HHV2H	P08666
GB_HHV6U	P28864
UL24_HHV2H	P89447
GB_HHV6Z	P36320
GB_HHV8P	F5HB81
VGPCR_HHV8P	Q98146
VGCR_HHV6Z	Q9QJ51
UL24_HHV8P	Q2HRB2
AN_HHV8P	Q2HR95
Q6TVV1_ORFSA	Q6TVV1
Q98210_MCV1	Q98210
Q6TVU1_ORFSA	Q6TVU1
Q98200_MCV1	Q98200
Q6TUX9_YMTV5	Q6TUX9
O1_VAR67	P34010
VPU_HV1H2	P05919
Q6TVU2_ORFSA	Q6TVU2
E2_VAR67	P33862
Q98211_MCV1	Q98211
GP350_EBVB9	P03200
LTP_EBVB9	P03186
VE6_HPV18	P06463
VE6_HPV41	P27555
VE6_HPV04	Q07854
VE6_HPV16	P03126
RNB_HHV2H	P89479
RNB_HHV11	P04487
VE6_HPV05	P06930
VE5_HPV18	P06792
BNL2A_EBVB9	P0C739
UL04_HCMVM	Q6SWC6
LF2_EBVB9	P0C725
HBSAG_HBVCJ	Q76R62
NEP_I34A1	P03508
MIR2_HHV8P	P90489
L_EBOZM	Q05318
MATRX_RABVP	P08671
MATRX_MUMPM	Q9JG20
K81_HHV8P	F5HB98
VGLG_HMPVC	Q6WB94
REV_HV1H2	P04618
VPR_HV1H2	P69726
ICP27_HHV11	P10238
CAPSD_HBVCJ	Q76R61
X_HBVCJ	Q69027
BARF1_EBVB9	P03228
ICP47_HHV11	P03170
LMP2_EBVB9	P13285
TAT_HV1H2	P04608
EBNA6_EBVB9	P03204
GK_HHV2H	P22485
VE7_HPV16	P03129
GJ_HHV2H	P13293
CRMB_VAR67	P0DSV7
VIE1_HCMVM	F5HCM1
NS2_HRSVB	O42038
RTA_EBVB9	P03209
EBNA4_EBVB9	P03203
VIF_HV2BE	P18097
UL01_HCMVM	Q6SWC8
KITH_EBVB9	P03177
IL10H_HCMVM	F5HC71
GH_HHV2H	P89445
EBNA3_EBVB9	P12977
EAR_EBVB9	P03182
GL_HHV8P	F5HDB7
UL18_HCMVM	F5HFB4
GLYCO_RABVP	P08667
NEF_HV1H2	P04601
P4B_VAR67	P0DOM5
EAD_EBVB9	P03191
MB43_HHV11	P10227
OX2V_HHV8P	P0C788
PP150_HCMVM	Q6SW99
BZLF1_EBVB9	P03206
GLYC_HRSVB	O36633
EBNA1_EBVB9	P03211
EBNA2_EBVB9	P12978
UL16P_HCMVM	F5HG68
LMP1_EBVB9	P03230
ICP0_HHV11	P08393
PP65_HCMVM	Q6SW59
HEMA_MEASC	Q786F2
GL_HHV2H	P28278
UL32_EBVB9	P03184
NEF_HV2BE	P18092
L_HANTV	P23456
VIF_HV1H2	P69723
VIL6_HHV8P	Q2HRC7
US03_HCMVM	F5HEU0
GH_EBVB9	P03231
VIE2_HCMVM	Q6SW29
VPX_HV2BE	P18099
VPR_HV2BE	P18100
HBEAG_HBVCJ	P0C767
US06_HCMVM	Q6SW00
NCAP_I34A1	P03466
IL8H_GAHVM	Q77MQ6
L_RABVP	P11213
TAX_HTL1C	P14079
BALF1_EBVB9	P0CK58
Q2MG95_EBVB9	Q2MG95
UL92_EBVB9	P0CK56
VE5_HPV16	P06927
ORF50_HHV8P	F5HCV3
HEPA_HCMVM	F5HIG1
PP85_HCMVM	F5HGJ4
TRS1_HCMVM	Q6SVX2
ICP34_HHV11	P36313
Q2MG96_EBVB9	Q2MG96
US32_HCMVM	F5HD03
DNBI_HCMVM	F5HDQ6
UL97_HCMVM	Q6SW46
RIR1_EBVB9	P03190
RIR1_HHV2H	P89462
Z_LYCVA	P18541
RIR1_VZVD	P09248
RIR1_HHV11	P08543
RIR1_HHV8P	Q2HR67
UL23_HCMVM	F5HDM3
UL298_HCMVM	Q6SWA3
UNG_VZVD	P09307
Q6TV03_YMTV5	Q6TV03
Q6TV01_YMTV5	Q6TV01
Q07035_VAR67	Q07035
Q6TUN6_YMTV5	Q6TUN6
Q6TUN4_YMTV5	Q6TUN4
B14_VAR67	P0DSV9
UL13_VZVD	P09296
GCVK_HHV6Z	P52446
US03_HHV11	P04413
UL13_HHV11	P04290
US03_HHV2H	P13287
GCVK_HHV6U	P24446
US03_VZVD	P09251
UL13_HHV2H	P89436
TEG5_HHV11	P10231
TEG1_HHV11	P10230
IE61_VZVD	P09309
US9_HHV11	P06481
BTRF1_EBVB9	P30119
UL27_HCMVM	Q6SWA4
MTP_EBVB9	P03179
UL15A_HCMVM	F5HAE6
DUT_HCMVM	Q6SW70
Q6TUX5_YMTV5	Q6TUX5
E6_VAR67	P0DSX1
DNBI_VZVD	P09246
TAX_HTLV2	P03410
ICP22_VZVD	P09255
Q98205_MCV1	Q98205
ICP22_HHV11	P04485
RDRP_CMVFN	P16490
PRIM_VZVD	P09270
NP03_HHV11	P10187
Q6TVU8_ORFSA	Q6TVU8
VP16_VZVD	P09265
TAX_HTL32	Q0R5R1
UL56_HHV11	P10240
VP22_HHV2H	P89468
UL56_HHV2H	P28282
VP22_HHV11	P10233
UL09_HCMVM	F5H9T4
VP22_VZVD	P09272
UL07_HCMVM	Q6SWC3
L_MABVM	P31352
L_HENDH	O89344
L_BUNL8	Q8JPR2
L_BUNYW	P20470
VFLIP_HHV8P	F5HEZ4
UL141_HCMVM	Q6RJQ3
UL121_HCMVM	F5HD27
SCAF_EBVB9	P03234
VE1_HPV16	P03114
SODL_VAR67	P0DTA1
VP24_MABVM	P35256
SCAF_VZVD	P09286
L_LASSJ	O09705
Q6TUS4_YMTV5	Q6TUS4
Q76QZ2_VAR67	Q76QZ2
Q6TUV6_YMTV5	Q6TUV6
Q07046_VAR67	Q07046
Q6TVS6_ORFSA	Q6TVS6
Q6TVU5_ORFSA	Q6TVU5
Q6TUX3_YMTV5	Q6TUX3
Q98233_MCV1	Q98233
Q98207_MCV1	Q98207
Q98273_MCV1	Q98273
DPOL_VAR67	P0DOO5
G7_VAR67	P0DSU1
Q6TVP1_ORFSA	Q6TVP1
DNLI_VAR67	P0DOO3
Q6TUN0_YMTV5	Q6TUN0
ICP22_HHV2H	P89474
E1A_ADE02	P03254
UL49_HCMVM	Q6SW82
UL10_HCMVM	Q6SWC0
UL84_HCMVM	F5HB40
DNBI_HHV11	P04296
VPAP_HCMVM	F5HC97
HELI_HHV11	P10189
UL150_HCMVM	Q6SW05
GP42_EBVB9	P03205
VRPI_BPT7	P03704
UL35_HCMVM	F5HE12
PP71_HCMVM	F5HBC6
HEPA_HHV11	P10192
C_MEASC	Q9YZN9
GN_VZVD	Q65ZG0
SH_HRSVB	O36632
UL13_HCMVM	Q6SWB8
PAP_HHV11	P10226
V_MEASC	P0C774
MCP_HCMVM	F5HGT1
BHLF1_EBVB9	P03181
A33_VAR67	P0DON1
NCAP_MEASC	Q9WMB5
Q76R02_VAR67	Q76R02
TYSY_VZVD	P09249
REX_HTLV2	Q85601
US10_HCMVM	F5HFJ7
ICP27_HHV8P	Q2HR75
ICP27_HCMVM	Q6SW73
ICP27_HHV6Z	P52539
ICP27_HHV2H	P28276
ICP27_HHV6U	P52354
ICP27_VZVD	P09269
NCAP_HANTV	P05133
NCAP_CVH22	P15130
VME1_CVH22	P15422
HN_MUMPM	P11235
PRIM_EBVB9	P03193
PRIM_HHV6U	P52467
PRIM_HHV6Z	P52540
PRIM_HHV2H	P89471
PRIM_HHV11	P10236
PRIM_HCMVM	F5HG51
PRIM_HHV8P	F5HIN0
NCAP_EBOZM	P18272
ORF32_VZVD	P09285
PB2_INCAA	Q6I7C4
PB2_INBLE	Q9QLL6
UL117_HCMVM	F5HFA5
NCAP_MABVM	P27588
NCAP_HENDH	O89339
NCAP_MUMPM	P21186
LTP_VZVD	P09278
UL96_HCMVM	F5H8R6
UL92_HCMVM	F5HAS7
US12_HCMVM	F5HE44
US21_HCMVM	F5HHT6
VE1_HPV41	P27551
VE1_HPV05	P06920
VE1_HPV18	P06789
VE1_HPV04	Q07846
ORF0_VZVD	Q6F6K2
UL91_HCMVM	F5HFJ8
UL38_HCMVM	F5HG98
UL19_HCMVM	F5HI68
TRM1_VZVD	P09284
M2_VAR67	P0DOL7
ORF45_HHV8P	F5HDE4
U24_HHV6U	Q69559
VGLI_HCMVM	Q6SW94
BKRF4_EBVB9	P30117
BDLF2_EBVB9	P03225
VGP_EBOZM	Q05320
VP40_EBOZM	Q05128
VP30_EBOZM	Q05323
UNG_HHV11	P10186
Q6TUN2_YMTV5	Q6TUN2
Q6TUY7_YMTV5	Q6TUY7
Q6TVJ0_ORFSA	Q6TVJ0
Q76SZ3_MCV1	Q76SZ3
VPK2_VAR67	P33801
KR2_EBVB9	P13288
PA_I34A1	P03433
Q6TVQ3_ORFSA	Q6TVQ3
Q98260_MCV1	Q98260
Q6TUT3_YMTV5	Q6TUT3
UNG_VAR67	P0DSP7
MATRX_HENDH	O89341
ENV_HTL1C	P14075
NSS_BUNL8	Q8JPQ9
HELI_HHV8P	Q2HR89
ENV_HTLV2	P03383
GL_HHV6U	P52508
NRAM_INBLE	P03474
HEMA_INCAA	P68762
GL_HHV6Z	P52526
ORF5A_EAVBU	P0DJX9
ENV_HTL32	Q0R5Q9
ENV_XMRV6	Q27ID8
Q6TVJ4_ORFSA	Q6TVJ4
Q6TVJ7_ORFSA	Q6TVJ7
Q6TVW2_ORFSA	Q6TVW2
Q6TVJ2_ORFSA	Q6TVJ2
Q6TVJ1_ORFSA	Q6TVJ1
DPOL_ADE02	P03261
TEG1_VZVD	P09264
HEPA_HHV8P	Q2HR92
RIR1_MUHVS	Q06A28
RIR1_HCMVM	Q6SW87
W_HENDH	P0C1C6
SHUT_ADE02	P24932
DNB2_ADE02	P03264
E7_VAR67	P33864
KITH_VZVD	P09250
UL49_HHV8P	F5HG20
OBP_VZVD	P09299
OBP_HHV11	P10193
VE2_HPV18	P06790
VE2_HPV41	P27552
VE2_HPV04	Q07849
VE2_HPV05	P06921
VE2_HPV16	P03120
DPOL_HHV11	P04293
SPI2_VACCW	P15059
A52_VACCW	Q01220
VP24_EBOZM	Q05322
LT_SV40	P03070
SHDAG_HDVD3	P0C6L3
VE7_HPV18	P06788
VNS2_BTV10	P23065
MIR1_HHV8P	P90495
KTHY_VAR67	P0DSV5
MVP_BGYMJ	P0CK44
ALT2B_EMCVR	P0DJX6
TEG7_EBVB9	P0CK49
A46_VAR67	P33876
DUT_HHV11	P10234
UL20_HHV11	P10204
CAPSD_NVN68	Q83884
I2_VAR67	P0DOR3
GLYCO_VSIVA	P03522
RIR2_EBVB9	P0CAP6
RL12_HCMVM	Q6SWD0
DPOL_EBVB9	P03198
U148D_HCMVM	F5HHL7
UL22A_HCMVM	F5HF90
UL147_HCMVM	F5HA06
UL144_HCMVM	F5HAM0
CXCL1_HCMVM	F5HBX1
UL95_HCMVM	Q6SW48
UL87_HCMVM	Q6SW55
UL79_HCMVM	Q6SW63
TRM3_EBVB9	P03219
NS1_PAVHV	Q9PZT1
ML_THOGV	Q80A33
SCAF_HCMVM	Q6SW62
VP16_HHV2H	P68336
TEG3_HHV2H	P89437
NSS_RVFVZ	P21698
TRM1_HHV11	P10212
UL21A_HCMVM	F5HH39
RL11_HCMVM	Q6SWD1
UL130_HCMVM	F5HCP3
ORF57_VZVD	P09305
ORF3_GRVMC	Q67684
UL17_HCMVM	F5HHT4
ICP34_HHV2H	P28283
MB43_HHV2H	P89464
SANS_VAR67	P0DST1
CAPSD_HEVCH	Q81871
B14_VACCW	P24772
VU84_HHV6U	P52532
VU84_HHV6Z	P52533
IE2_HHV6U	Q77Z83
U95_HHV6U	Q89882
IE2_HHV6Z	Q9QJ16
VU8_HHV6Z	Q9QJ52
U95_HHV6Z	Q9QJ12
VU8_HHV6U	Q01346
UL38_HHV6Z	Q9WT45
UL38_HHV6U	Q69554
TYSY_HHV8P	P90463
PORTL_EBVB9	P03213
UNG_HHV2H	P28275
VIRF1_HHV8P	F5HF68
DNBI_EBVB9	P03227
RPMS1_EBVB9	Q9Q2P0
BNL2B_EBVB9	Q8AZJ3
UL95_EBVB9	P03220
Q07033_VAR67	Q07033
A14_VAR67	P0DSQ3
E_EAVBU	Q91DM1
HEMA_INBLE	P03460
HELI_HHV6Z	P52450
HELI_HHV6U	P52356
KITH_VAR67	P0DOM7
HELI_HHV2H	P28277
KITH_HHV2H	P89446
HELI_HCMVM	F5HEN8
MATRX_HRSVB	O42049
OBP_HHV6U	P52378
OBP_HHV2H	P89432
CAPSD_PAVHV	Q9PZT0
HELI_VZVD	P09303
KITH_YMTV5	Q90033
HELI_EBVB9	P03214
OBP_HHV6Z	P52452
PB1F2_I34A1	P0C0U1
M1_VAR67	P33825
UNG_EBVB9	P12888
UL139_HCMVM	Q6SW14
V_HENDH	O55777
IRS1_HCMVM	Q6SW04
DPOL_HCMVM	Q6SW77
GO_HCMVM	F5HGP1
UL133_HCMVM	Q6SW10
A43_VAR67	P0DSY5
GN_HCMVM	F5HHQ0
Q8AZJ7_EBVB9	Q8AZJ7
US27_HCMVM	F5HDK1
UL78_HCMVM	F5HET1
A34_VAR67	P33851
GLYCP_HENDH	O89343
BMRF2_EBVB9	P03192
BLLF2_EBVB9	P03199
E3_VAR67	P33863
SHUT_HHV11	P10225
IL10H_EBVB9	P03180
UL40_HCMVM	Q6SW92
A28_VAR67	P0DSX7
PORTL_HHV11	P10190
VP3_CAVC1	Q99152
L2_VAR67	P0DOM9
L2_VACCW	P07613
M1_INBLE	P03489
LTP_HHV11	P10220
US02_HHV11	P06485
VCYCL_HHV8P	Q77Q36
GP_HANTV	P08668
SIGM3_REOVL	P07939
V_NDVB1	P0C765
PHOSP_MUMPM	P16595
C6_VAR67	P0DSX3
C4_VAR67	P34012
B8_VACCW	P24770
PAP_HHV8P	F5HID2
VIRF3_HHV8P	F5HIC6
UL138_HCMVM	F5HGQ8
GH_HHV8P	F5HAK9
TRM3_HHV8P	F5HGB6
VP35_EBOZM	Q05127
KITH_HHV8P	F5HB62
KBZIP_HHV8P	Q2HR82
ORF49_HHV8P	Q2HR83
Q8AZJ4_EBVB9	Q8AZJ4
UL32_HHV8P	F5HF47
E3_VACCW	P21605
UNG_HCMVM	F5HI85
RIR2_HHV11	P10224
UL142_HCMVM	F5HHH2
BRRF1_EBVB9	P03207
L_HMPVC	Q6WB93
LF1_EBVB9	Q8AZJ5
U131A_HCMVM	F5HET4
US23_HCMVM	F5HAZ3
US24_HCMVM	F5H8S6
US26_HCMVM	F5H991
VIRF2_HHV8P	Q2HR71
K3_VACCW	P18378
TRM2_VZVD	P09281
VL2_HPV18	P06793
VL2_CRPVK	P03108
VL2_HPV16	P03107
VL2_HPV05	P06918
VL2_HPV04	Q07862
VL2_HPV41	P27558
IR06_HCMVM	Q6SWD3
A41_VAR67	P33854
NCAP_HRSVB	O42053
TEG6_VZVD	P09268
PAX_I34A1	P0CK64
U148A_HCMVM	F5HE74
IR01_HCMVM	Q6SWD5
DUSP_VAR67	P0DOQ5
ORF3_HEVCH	Q81870
K12_HHV8P	Q77Q38
US14_HCMVM	F5HD92
US31_HCMVM	F5HAM4
Q89477_VAR67	Q89477
TEG3_VZVD	P09295
K7_VACCW	P68466
P54_ASFB7	Q65194
US08_HCMVM	F5HB52
US02_HCMVM	F5HE05
D2_VAR67	P0DOS2
YBL2_EBVB9	P30118
Q98214_MCV1	Q98214
US34A_HCMVM	Q6SVX3
UL145_HCMVM	F5HF44
UL140_HCMVM	F5HCK7
Q6TUX8_YMTV5	Q6TUX8
Q6TVV0_ORFSA	Q6TVV0
VIRF4_HHV8P	Q2HR73
E5_VAR67	P0DSS3
US8A_HHV11	O09802
VCP_VACCW	P68638
PROF_VAR67	P0DSW5
PROF_VACCW	Q76ZN5
PAP_VZVD	P09274
UL41A_HCMVM	F5HFG3
HBZ_HTL1C	P0C745
NSP1_ROTHC	Q9PY94
A31_VAR67	P0DOS3
US09_HCMVM	F5HC33
NSP4_ROTSH	A2T3Q0
DPOL_HHV6U	P28857
DPOL_HHV2H	P89453
DPOL_HHV8P	Q2HRD0
DPOL_HHV6Z	Q9QJ32
DPOL_VZVD	P09252
Q98323_MCV1	Q98323
Q98174_MCV1	Q98174
MCP_VZVD	P09245
NEF_SIVM1	P05862
UNG_HHV8P	F5HFA1
YEC4_EBVB9	P03235
US9_HHV2H	P89477
E3GL_ADE02	P68978
C1_VAR67	P33859
TEG5_VZVD	P09263
TRM1_HCMVM	F5HC79
EV45_HHV11	P10229
LTP_HHV8P	Q2HR64
NCAP_LYCVA	P09992
IR10_HCMVM	F5HI32
GN_EBVB9	P03196
VP35_MABVM	P35259
NCAP_HMPVC	Q6WBA1
DPOL_HBVCJ	Q69028
Z_TACVF	Q88470
C_HENDH	O55779
K6_HHV8P	F5HET8
O3_VAR67	P0CK23
TRM2_HCMVM	F5HGI9
NS4B_CVH22	P19740
NS4A_CVH22	P19739
HN_SENDO	Q88261
MEQ_GAHVM	Q9DGW5
A51_VAR67	P0DSU3
L3_VAR67	P0DSZ1
K1_HHV8P	Q2HRD5
DNBI_HHV2H	P89452
MCP_HHV11	P06491
VP22_HCMVM	F5H9N4
TRM3_HHV11	P04295
DNBI_HHV8P	Q2HRD3
PORTL_HCMVM	F5HBR4
UL05_HCMVM	Q6SWC5
US22_HCMVM	F5HDC7
UL42_HCMVM	F5HHZ3
TRM3_HCMVM	F5HCU8
DUT_EBVB9	P03195
TAT_HV2BE	P18098
F14_VAR67	P0DON3
UL02_HCMVM	Q6SWC7
TEG7_HCMVM	F5HEA3
VP2_BTV10	P06945
DR6_HHV6Z	Q9PX53
ICP0_HHV2H	P28284
L1_VAR67	P0DOT7
Q89931_VAR67	Q89931
Q6TUZ8_YMTV5	Q6TUZ8
LTP_HCMVM	Q6SW84
TEG7_HHV11	P10235
K7_HHV8P	F5HDA4
H7_VAR67	P0DON7
PORTL_HHV8P	F5HGK9
A36_VAR67	P33852
C6_VACCW	P17362
VSR_RDVF	Q85434
M22_HRSVB	O42047
UL26_HCMVM	F5HGG3
VGR_BPP1	P22946
MCP_HHV8P	Q2HRA7
UL20_HCMVM	F5H9Z4
L_VSIVA	P03523
US10_HHV11	P06486
MATRX_VSIVA	P03519
SCAF_HHV11	P10210
TEG4_HHV11	P10205
M21_HRSVB	O42050
NCAP_RABVP	P06025
TRM2_HHV11	P10217
L_RVFVZ	P27316
J5_VAR67	P33055
A41_VACCW	P24766
UL30_HCMVM	F5HGC2
RL5A_HCMVM	F5HF23
MCP_EBVB9	P03226
Q76QZ5_VAR67	Q76QZ5
US10_VZVD	P09311
TGB2_PMTVS	Q9IV53
UL120_HCMVM	Q6SW31
UL74A_HCMVM	C1BEG3
U3KRG9_HCMVM	U3KRG9
RL8A_HCMVM	F7V995
U148C_HCMVM	F5HDE7
U150A_HCMVM	F7V998
RL9A_HCMVM	F7V996
U148B_HCMVM	F5HAK6
NSP6_ROTSH	A2T3R0
VL1_HPV16	P03101
E8_VAR67	P0DSY7
E11_VAR67	P0DST9
Q07038_VAR67	Q07038
NCAP_LASSJ	P13699
HEPA_HHV2H	P89431
MB43_VZVD	P09273
US15_HCMVM	F5HFH0
NCAP_INBLE	P04665
NCAP_INCAA	Q6I7C0
EP84_HCMVM	Q6SW37
VLTF3_VAR67	P0DOT5
A49_VAR67	P0DSQ7
US16_HCMVM	Q6SVZ0
SPI2_VAR67	P0DSW3
V_SENDO	P69287
REP78_AAV2S	Q89268
VU94_HHV6Z	Q9WSZ6
VU94_HHV6U	Q00683
REP68_AAV2S	P03132
VPX_SIVM1	P05917
NSP3_ROTSH	A2T3N5
HEPA_VZVD	P09300
VE2_CRPVK	P03121
V_MUMPM	P30928
E2_VACCW	P21604
RIR2_VZVD	P09247
U147A_HCMVM	F5H8R0
DECO_LAMBD	P03712
NSP1_ROTSH	A2T3M4
A27_VAR67	P33816
PORTL_VZVD	P09302
US8A_HHV2H	P89476
Q6TUM7_YMTV5	Q6TUM7
C1L_VAR67	P0DTP8
Q6TUM6_YMTV5	Q6TUM6
Q89440_VAR67	Q89440
Q07045_VAR67	Q07045
Q6TUZ9_YMTV5	Q6TUZ9
Q6TUM8_YMTV5	Q6TUM8
Q6TUU3_YMTV5	Q6TUU3
Q6TVR3_ORFSA	Q6TVR3
Q98249_MCV1	Q98249
NS5A_IBVB	Q89613
US34_HCMVM	F5HEF3
TEG3_HHV11	P04291
TEG5_HHV2H	P89467
BFRF2_EBVB9	P14347
E4RF3_ADE02	P03241
CGH2_SHV21	Q01043
F15_VAR67	P0DOR7
NSS_TSWV1	P26002
ORF75_HHV8P	Q9QR70
DNBI_HHV6U	P52338
DNBI_HHV6Z	P52538
E1B55_ADE02	P03244
DPOL_VACCW	P06856
VE7_BPV3	Q8BDD8
Q07036_VAR67	Q07036
Q6TUZ5_YMTV5	Q6TUZ5
UL135_HCMVM	F5HAQ7
H3_VAR67	P33059
KBTB1_VACCW	P24768
ORF2_VZVD	P09267
E6_VACCW	P21607
VE6_MNPVA	P30735
E7_VACCW	P68446
VE6_CRPVK	P03127
PAP1_VAR67	P0DOM1
FUS_SENDO	O57295
MT5_MYXVL	Q83730
MU2_REOVL	Q00335
UL119_HCMVM	F5HC14
UL116_HCMVM	Q6SW34
UL34_HCMVM	F5HC16
US20_HCMVM	F5HGH8
NP03_VZVD	P09306
3BHS_VAR67	Q89187
US30_HCMVM	F5HB41
SH_MUMPM	P22112
NS1_MUMIP	P03134
P30II_HTL1C	P0CK17
Q77GA0_SWPV1	Q77GA0
Q6TUZ6_YMTV5	Q6TUZ6
Q07044_VAR67	Q07044
RUVV_VAR67	P0DOS5
US13_HCMVM	F5H9I4
I5_VAR67	P0DSS1
US9_VZVD	P09312
P12I_HTL1C	P0CK16
TEG7_VZVD	P09271
VIF_SIVM1	P05903
B17_VAR67	P0DOT1
C2_BCTVC	Q91J26
US01_HCMVM	Q6SW03
UL88_HCMVM	F5H9F9
A9_VAR67	P33835
UL14_HCMVM	Q6SWB7
VP1_SV40	P03087
HOLIN_LAMBD	P03705
TRM1_HHV6Z	P52544
TRM3_HHV2H	P89438
EXLYS_BPT7	P03726
US29_HCMVM	F5HG95
TRM1_HHV2H	P89451
BRRF2_EBVB9	P03210
Q9PX24_MYXVL	Q9PX24
F1_VACCW	P24356
N1_VACCW	P17361
FIB37_BPT4	P03744
AGNO_SV40	P03084
UL148_HCMVM	F5H8Q3
L_UUKS	P33453
Q89619_VAR67	Q89619
US07_HCMVM	F5HDD3
CORE5_ADE02	P03267
NP_ADE02	P68950
M22_HMPVC	Q6WB96
L_CCHFI	Q6TQR6
CAPSH_ADE02	P03277
PHOSP_HRSVB	O42062
F13_VAR67	P33815
A17_VAR67	P0DOR5
P4A_VAR67	P0DOL1
ATI_VAR67	P34011
UL132_HCMVM	F5HGU6
DUT_HHV8P	Q2HR78
LHDAG_HDVD3	P29996
Q89694_VAR67	Q89694
NCAP_RVFVZ	P21700
H2_VAR67	P0DSY9
SCAF_HHV8P	Q2HRB6
N1_VAR67	P34018
D13_VAR67	P0DSP6
Q07037_VAR67	Q07037
CAHH_VAR67	P0DSY1
VNB_INBLE	P06817
VP2_NVN68	Q83885
TEG6_HHV11	P10239
PKG1_ADE02	P03272
VP8_VAR67	P0DSW9
VGF_VAR67	P0DOP9
CAPSP_ADE02	P03276
SPIKE_ADE02	P03275
UL32_HHV2H	P89455
F9_VAR67	P0DSZ3
NSS_BUNYW	P16494
RIR1_VAR67	P0DSV1
ORF23_HHV8P	F5HIM6
TRM1_EBVB9	P25939
M1_VACCW	P14356
PHOSP_NDVB1	Q9DLD6
TNPA_BPMU	P07636
UL43_HCMVM	Q6SW89
NP03_HHV2H	P28279
UL31_HCMVM	Q6SWA0
TEG4_VZVD	P09289
GAM1_ADEG1	Q64770
VPR_SIVM1	P05958
CYCL_WDSV	Q88939
ORF28_HHV8P	F5HI25
ARBH_HHV8P	F5HGJ3
DPOL_BPT7	P00581
K42_HHV8P	F5HF36
ORF35_HHV8P	F5HCD4
VP40_MABVM	P35260
SPIKE_IBVB	P11223
P5_BPPRD	P22536
UNG_VACCW	P04303
A36_VACCW	P68619
Q76QZ7_VAR67	Q76QZ7
GP3_EAVBU	P28993
US17_HCMVM	F5H9N9
Q6TUX1_YMTV5	Q6TUX1
Q6TVU3_ORFSA	Q6TVU3
Q98209_MCV1	Q98209
NS1_INCAA	Q01639
U17_HHV6Z	Q9QJ47
K1_VACCW	P04297
CFLA_MCV1	Q98325
D10_VAR67	P33071
GH_HHV6Z	P52543
GH_HHV6U	P68324
NSP_BGYMJ	P0CK42
G6_VAR67	P0DOU3
H5_VAR67	P33062
A30_VAR67	P0DOT9
K15_HHV8P	Q9QR69
A37_VAR67	Q76QZ9
UL20_VZVD	P09290
DYR_HHV8P	Q2HRC6
ST_SV40	P03081
C_SENDO	O55527
CAPSD_TTVG1	A4GZ97
CAPSD_TTVB1	Q9QU30
CAPSD_TTVA1	O70739
A21_VAR67	P0DSR7
UL87_EBVB9	P25215
UL06_HCMVM	Q6SWC4
GP_UUKS	P09613
ORF58_HHV8P	F5HAD1
J_SPV4	P11340
NS2_MUMIP	P0DJZ2
E11_VACCW	P68448
MCE_PBCV1	Q84424
NCAP_IBVB	P69596
NCAP_CVMA5	P03416
E10_VAR67	P0DOL5
UL124_HCMVM	F5HHS3
VL1_HPV18	P06794
VCLAP_EHV2	Q66677
NSP3_ROTHC	Q9PY95
US10_HHV2H	P89478
G3_VAR67	P0DOM3
PA_INCAA	Q6I7C2
PA_INBLE	Q9QLI9
LF3_EBVB9	P0C727
PHOSP_BDVV	P0C799
RP30_VAR67	P33796
RL13_HCMVM	Q6SWC9
SPI1_VAR67	P0DOT3
VLTF3_VACCW	P68319
H5_VACCW	P07242
ORF30_HHV8P	F5HES7
A13_VAR67	P0DSW1
VREN_LAMBD	P03761
A38_VAR67	P0DST5
Z_LASSJ	O73557
Q8B9C7_NPVR1	Q8B9C7
CFLA_EHV2	Q66674
VIE3_MUHVS	P29832
ORF52_HHV8P	Q2HR80
GN_HHV8P	F5HFQ0
GP4_EAVBU	P28994
CCPH_SHV21	Q01016
DUSP_VACCW	P07239
MCE_VAR67	P33052
UL136_HCMVM	F5HF35
SCAF_HHV2H	P89449
NCAP_BDVV	P0C797
Q98204_MCV1	Q98204
VP2_RHDVF	P27412
VGP_MABVM	P35253
ETF1_VACCW	P04308
A20_VACCW	P68710
NS3A_IBVB	P30237
VE7_HPV04	Q07857
LTP_HHV2H	P89459
CAP9_ADE02	P03282
A15_VAR67	P0DOO7
NCAP_CCHFI	P89522
DUT_VZVD	P09254
CLINK_SCSVF	Q87010
NS1_INBLE	P03502
V016_VACCW	P17358
NTP1_VAR67	P0DOQ3
1102L_ASFB7	P18559
Q98289_MCV1	Q98289
Q6TVM6_ORFSA	Q6TVM6
Q6TUR0_YMTV5	Q6TUR0
U90_HHV6Z	Q77PU6
P17_ASFB7	Q89424
CAP8_ADE02	P03280
Q89189_VAR67	Q89189
TERL_LAMBD	P03708
US02_HHV2H	P13292
H3_VACCW	P07240
C22L_VACCW	Q76ZJ3
Q6TV04_YMTV5	Q6TV04
F11_VACCW	Q80HX7
M21_HMPVC	Q6WB97
A47_VAR67	P0DOO9
G9_VAR67	P0DOS7
G7_VACCW	P68716
ORFB_WDSV	Q88940
TOP1_VAR67	P32989
F8_VAR67	P33868
SPI3_VAR67	P33831
